<?xml version="1.0"?>
<doc>
    <assembly>
        <name>CodedUI.jQueryExtensions</name>
    </assembly>
    <members>
        <member name="T:CodedUI.jQueryExtensions.JavaScript">
            <summary>
              A strongly-typed resource class, for looking up localized strings, etc.
            </summary>
        </member>
        <member name="P:CodedUI.jQueryExtensions.JavaScript.ResourceManager">
            <summary>
              Returns the cached ResourceManager instance used by this class.
            </summary>
        </member>
        <member name="P:CodedUI.jQueryExtensions.JavaScript.Culture">
            <summary>
              Overrides the current thread's CurrentUICulture property for all
              resource lookups using this strongly typed resource class.
            </summary>
        </member>
        <member name="P:CodedUI.jQueryExtensions.JavaScript.loadjQuery">
            <summary>
              Looks up a localized string similar to (function loadjQuery() {
                       window.CodedUI = window.CodedUI || {};
                       CodedUI.jQueryExtensions = CodedUI.CodedUIjQuery || {};
                       if (typeof $ == &quot;function&quot;) {
                           CodedUI.jQueryExtensions.jQuery = jQuery;
                       } else {
                           var head = document.getElementsByTagName(&quot;head&quot;)[0] || document.documentElement;
                           var script = document.createElement(&quot;script&quot;);
                           script.setAttribute(&quot;type&quot;, &quot;text/javascript&quot;);
                          [rest of string was truncated]&quot;;.
            </summary>
        </member>
        <member name="M:CodedUI.jQueryExtensions.JQueryExtensions.JQuerySelect``1(Microsoft.VisualStudio.TestTools.UITesting.BrowserWindow,System.String)">
            <summary>
                Runs a jQuery selector and returns the result
            </summary>
            <example>
                Returning a list of HtmlControls using the <see cref="M:CodedUI.jQueryExtensions.JQueryExtensions.JQuerySelect``1(Microsoft.VisualStudio.TestTools.UITesting.BrowserWindow,System.String)"/> method.
                <code> 
            public IEnumerable&lt;HtmlControl&gt; GetLiElements()
            {
                return Browser.JQuerySelect&lt;HtmlControl&gt;("#multipleElementsTest li");
            }
            </code>
            </example>
            <typeparam name="T">The type of object the result should be cast to.</typeparam>
            <param name="window"></param>
            <param name="selector">The jQuery selector.</param>
            <returns>An enumerable of the specified type.</returns>
        </member>
        <member name="M:CodedUI.jQueryExtensions.JQueryExtensions.JQueryText(Microsoft.VisualStudio.TestTools.UITesting.BrowserWindow,System.String)">
            <summary>
                Returns the combined text contents of each element in the set of matched elements.
            </summary>
            <typeparam name="T"></typeparam>
            <param name="window"></param>
            <param name="selector">The jQuery selector.</param>
            <returns></returns>
        </member>
        <member name="M:CodedUI.jQueryExtensions.JQueryExtensions.JQueryHtml(Microsoft.VisualStudio.TestTools.UITesting.BrowserWindow,System.String)">
            <summary>
                Returns the HTML contents of the first element in the set of matched elements.
            </summary>
            <typeparam name="T"></typeparam>
            <param name="window"></param>
            <param name="selector">The jQuery selector.</param>
            <returns></returns>
        </member>
        <member name="M:CodedUI.jQueryExtensions.JQueryExtensions.JQueryVal(Microsoft.VisualStudio.TestTools.UITesting.BrowserWindow,System.String)">
            <summary>
                Returns the current value of the first element in the set of matched elements.
            </summary>
            <typeparam name="T"></typeparam>
            <param name="window"></param>
            <param name="selector">The jQuery selector.</param>
            <returns></returns>
        </member>
        <member name="M:CodedUI.jQueryExtensions.JQueryExtensions.JQueryExists(Microsoft.VisualStudio.TestTools.UITesting.BrowserWindow,System.String)">
            <summary>
                Return true if selector returns any elements.
            </summary>
            <example>
                Returns true if there is an element on the page that has the id of 'divExistTrueTest'.
                <code>
            Browser.JQueryExists("#divExistTrueTest");
            </code>
            </example>
            <param name="window"></param>
            <param name="selector">The jQuery selector.</param>
            <returns></returns>
        </member>
        <member name="M:CodedUI.jQueryExtensions.JQueryExtensions.JQueryWaitForExists(Microsoft.VisualStudio.TestTools.UITesting.BrowserWindow,System.String)">
            <summary>
                Waits 10 Seconds for an element to exist. If no element exists after 10 seconds it will return false.
            </summary>
            <remarks>
                Will block until element exists or timeout reached.
            </remarks>
            <param name="window"></param>
            <param name="selector">The jQuery selector.</param>
            <returns></returns>
        </member>
        <member name="M:CodedUI.jQueryExtensions.JQueryExtensions.JQueryWaitForExists(Microsoft.VisualStudio.TestTools.UITesting.BrowserWindow,System.String,System.Int32)">
            <summary>
                Waits N milliseconds for an element to exist. If no element exists after N milliseconds it will return false.
            </summary>
            <remarks>
                Will block until element exists or timeout reached.
            </remarks>
            <param name="window"></param>
            <param name="selector">The jQuery selector.</param>
            <param name="timeoutMilliSeconds">The timeout in milliseconds to wait.</param>
            <returns></returns>
        </member>
        <member name="M:CodedUI.jQueryExtensions.JQueryExtensions.JQueryWaitForNotExists(Microsoft.VisualStudio.TestTools.UITesting.BrowserWindow,System.String)">
            <summary>
                Waits 10 Seconds for an element to not exist. If element still exists after 10 seconds it will return false.
            </summary>
            <remarks>
                Will block until element exists or timeout reached.
            </remarks>
            <param name="window"></param>
            <param name="selector">The jQuery selector.</param>
            <returns></returns>
        </member>
        <member name="M:CodedUI.jQueryExtensions.JQueryExtensions.JQueryWaitForNotExists(Microsoft.VisualStudio.TestTools.UITesting.BrowserWindow,System.String,System.Int32)">
            <summary>
                Waits N milliseconds for an element to not exist. If element still exists after N milliseconds it will return
                false.
            </summary>
            <remarks>
                Will block until doesn't element exists or timeout reached.
            </remarks>
            <param name="window"></param>
            <param name="selector">The jQuery selector.</param>
            <param name="timeoutMilliSeconds">The timeout in milliseconds to wait.</param>
            <returns></returns>
        </member>
    </members>
</doc>
